Abanico ;Rechazo ;  ;
Abre botellas ;Rechazo ;  ;
Abrecartas ;Rechazo ;  ;
Abrelatas ;Rechazo ;  ;
Abrigo ;Contenedor Textil ;  ;
Aceite de alimentacion ;Garbigune-Camion San Marco-Aceite Cocina Usado ;  ;
Aceite de motor ;Con gestor autorizado;  ;
Aceite vegetal ;Garbigune-Camion San Marco-Aceite Cocina Usado ;  ;
Aceitera ;Rechazo ;  ;
Acetato ;Rechazo ;  ;
Achicoria ;Contenedor de Organico ;  ;
Adaptador ;Garbigune-Camion San Marco ;  ;
Aerosoloes (recipiente) ;Plastico ;  ;
Agenda ;Papel y carton ;  ;
Agua oxigenada (recipiente) ;Plastico ;  ;
Aguja ;Rechazo ;  ;
Alambre ;Garbigune ;  ;
Albornoz ;Contenedor Textil ;  ;
Álbum ;Papel y carton-Rechazo ;De colecccionables al azul; de fotografí­a, al rechazo. 
Alcohol de quemar (recipiente) ;Plastico ;  ;
Aletas (para nadar) ;Rechazo ;  ;
Alfombra ;Rechazo-Garbigune ;Pequeña, al rechazo; grande al Garbigune. 
Alfombrilla del ratón del ordenador ;Rechazo ;  ;
Algas ;Contenedor de Organico ;  ;
Algodon ;Rechazo ;  ;
Alicates ;Rechazo ;  ;
Alpargata ;Contenedor Textil ;  ;
Alpiste ;Contenedor de Organico ;  ;
Amortiguador ;Garbigune-Camion San Marco ;  ;
Anillas (de cuadernos) ;Rechazo ;  ;
Anillas (de latas, envases…) ;Plastico ;  ;
Animales domésticos muertos ;Al veterinario.;  ;
Antena ;Rechazo ;  ;
Antibiótico ;Farmacias ;  ;
Antifaz de papel ;Papel y carton ;  ;
Antifaz de plástico y/o yeso ;Rechazo ;  ;
Antifaz de tela ;Contenedor Textil ;  ;
Anzuelo ;Rechazo ;  ;
Aparato informático ;Garbigune-Camion San Marco-Voluminoso ;Consulta en el apartado Voluminosos los días y horarios indicados para depositar estos residuos. ;
Aparatos eléctricos y electrónicos ;Garbigune-Camion San Marco-Voluminoso ;Consulta en el apartado Voluminosos los días y horarios indicados para depositar estos residuos. ;
Archivador ;Papel y carton ;  ;
Arena ;Rechazo-Garbigune ;En pequeñas cantidades al rechazo; en grandes al Garbigune. 
Arena de gatos ;Rechazo ;  ;
Armario ;Garbigune-Voluminoso ;Consulta en el apartado Voluminosos los días y horarios indicados para depositar estos residuos. ;
Aro (juego) ;Garbigune ;  ;
Aspirador ;Garbigune-Voluminoso ;Consulta en el apartado Voluminosos los días y horarios indicados para depositar estos residuos. ;
Babero ;Contenedor Textil ;  ;
Bafle / Altavoces ;Garbigune-Voluminoso ;Consulta en el apartado Voluminosos los días y horarios indicados para depositar estos residuos. ;
Baldosa ;Garbigune ;  ;
Balón ;Rechazo ;  ;
Banda depilatoria ;Rechazo ;  ;
Bandeja de aluminio (alimentaria) ;Plastico ;  ;
Bandeja de cartón ;Papel y carton ;  ;
Bandeja de metal ;Garbigune ;  ;
Bandeja de porexpan (alimentaria) ;Plastico ;  ;
Baraja de cartas ;Papel y carton ;  ;
Barba ;Rechazo ;  ;
Barniz ;Garbigune-Camion San Marco ;  ;
Barreño ;Garbigune ;  ;
Barril de cerveza ;Plastico-Garbigune ;De metal, hasta 5 litros, al amarillo; otros, al Garbigune. 
Barril de vino/sidra ;Garbigune ;  ;
Bascula ;Garbigune ;  ;
Baston ;Rechazo ;  ;
Bastonciillos de algodón ;Rechazo ;  ;
Bastoncillos higiénicos ;Rechazo ;  ;
Bata ;Contenedor Textil ;  ;
Batidora ;Garbigune-Camion San Marco ;  ;
Bañador ;Contenedor Textil ;  ;
Bañera ;Garbigune ;  ;
Baño ;Garbigune ;  ;
Betún ;Rechazo ;  ;
Biberón ;Rechazo ;En general, todos los productos de lactancia son rechazo. ;
Bicicleta ;Garbigune ;  ;
Bide;Garbigune ;  ;
Bidón ;Garbigune ;  ;
Bikini ;Contenedor Textil ;  ;
Billetes (autobíºs, tren… ) ;Papel y carton-Rechazo ;Los de papel, al azul; de plástico, al rechazo. 
Bisuterí­a ;Rechazo ;  ;
Bloc ;Papel y carton ;Las anillas, al rechazo. ;
Blusa ;Contenedor Textil ;  ;
Boleto ;Papel y carton ;  ;
Bolígrafo ;Rechazo ;  ;
Bolsa de agua caliente ;Rechazo ;  ;
Bolsa de alimentos ;Plastico ;  ;
Bolsa de aperitivos ;Plastico ;  ;
Bolsa de aspirador ;Rechazo ;  ;
Bolsa de caramelos ;Plastico ;  ;
Bolsa de congelados ;Plastico ;  ;
Bolsa de infusión ;Contenedor de Organico ;  ;
Bolsa de plástico ;Plastico ;  ;
Bolso ;Contenedor Textil ;  ;
Bolso ;Contenedor Textil ;  ;
Bombilla ;Garbigune-Camion San Marco ;También en contenedores en puntos de venta. ;
Bombona de butano ;En establecimientos de venta.;  ;
Bombona de camping-gas ;En establecimientos de venta.;  ;
Bono ;Papel y carton ;  ;
Bote de barniz ;Garbigune-Camion San Marco ;  ;
Bote de cola ;Plastico ;  ;
Bote de colonia ;Plastico-Vidrio ;De plástico, al amarillo; de cristal, al iglíº verde. 
Bote de combustible ;Garbigune-Camion San Marco ;  ;
Bote de cosmético ;Plastico-Vidrio ;De plástico, al amarrillo; de cristal, al iglíº verde. 
Bote de lejí­a ;Plastico-Garbigune-Camion San Marco ;Vací­o, al amarillo. Lleno, al Garbigune o al camión de San Marko. ;
Bote de lubricante ;Garbigune-Camion San Marco ;  ;
Bote de productos de limpieza ;Plastico-Garbigune ;Vací­os, al amarillo; llenos, al Garbigune. 
Bote de silicona ;Garbigune-Camion San Marco ;  ;
Botella de aceite ;Plastico-Garbigune-Camion San Marco ;Vací­a, al amarillo. ;
Botella de plástico ;Plastico ;  ;
Botella de vidrio ;Vidrio ;  ;
Botes ;Plastico-Vidrio ;De cristal, al iglíº verde; de plástico, lata... al amarillo. 
Botes de conservas ;Plastico-Vidrio ;De cristal, al iglíº verde; resto, al amarillo. 
Botes de pintura, pinceles ;Garbigune-Camion San Marco ;  ;
Botiquí­n ;Rechazo ;  ;
Botón ;Rechazo ;  ;
Brasas (frías) ;Rechazo ;  ;
Brick ;Plastico ;  ;
Brida ;Rechazo ;  ;
Brocha ;Rechazo-Garbigune ;En pequeñas cantidades al rechazo; en grandes al Garbigune. 
Bronce ;Garbigune ;  ;
Brujula ;Rechazo ;  ;
Bufanda ;Contenedor Textil ;  ;
Butano (bombona) ;En establecimientos de venta.;  ;
Buzo ;Contenedor Textil ;  ;
Cafetera pequeña (doméstica) ;Garbigune-Camion San Marco ;  ;
Caja ;Papel y carton-Rechazo-Garbigune ;De papel o cartón al Azul, de metal / plástico o madera al Garbigune, otros al rechazo. ;
Caja de poliespan para pescado ;Con gestor autorizado.;  ;
Caja pequeña de madera para la fruta ;Garbigune ;  ;
Caja y tableta de medicamento ;Farmacias ;  ;
Cajetillas de tabaco ;Papel y carton ;  ;
Calcetí­n ;Contenedor Textil ;  ;
Calculadora ;Garbigune ;  ;
Calendario ;Papel y carton ;  ;
Cama ;Garbigune-Voluminoso ;Consulta en el apartado Voluminosos los días y horarios indicados para depositar estos residuos. ;
Cámara de cubierta ;Garbigune ;  ;
Cámara de fotos ;Garbigune-Camion San Marco ;  ;
Cámara de ví­deo ;Garbigune-Camion San Marco ;  ;
Camisa ;Contenedor Textil ;  ;
Camiseta ;Contenedor Textil ;  ;
Camisón ;Contenedor Textil ;  ;
Candado ;Rechazo ;  ;
Cápsulas de cafe ;Plastico-Rechazo ;Vacía al amarillo, llena al de rechazo ;
Caramelo (con envase) ;Rechazo ;  ;
Caramelos (sin envase) ;Contenedor de Organico ;  ;
Carbón ;Rechazo ;  ;
Carcasa de enchufe ;Rechazo-Garbigune ;En cantidades pequeñas al Rechazo, en grandes al Garbigune. ;
Carne ;Contenedor de Organico ;  ;
Carpeta / Carpetas AZ ;Papel y carton ;  ;
Carrete de fotos ;Garbigune ;  ;
Cartel ;Papel y carton ;  ;
Cartera ;Rechazo-Contenedor Textil  ;De tela, al téxtil; el resto al rechazo. 
Cartucho de caza ;Rechazo ;  ;
Cartucho de toner ;Garbigune-Camion San Marco ;  ;
Cartuchos de impresora ;Garbigune-Camion San Marco ;  ;
Cartulina ;Papel y carton ;  ;
Cascanueces ;Rechazo ;  ;
Cáscara de huevos ;Contenedor de Organico ;  ;
Cáscara de marisco ;Contenedor de Organico ;  ;
Casco ;Garbigune ;  ;
Cazadora ;Contenedor Textil ;  ;
Cazuela ;Rechazo ;  ;
Caña ;Garbigune ;  ;
CD ;Garbigune-Camion San Marco ;  ;
Cello ;Rechazo ;  ;
Celofán ;Rechazo ;  ;
Cenicero ;Rechazo ;  ;
Ceniza frí­a ;Rechazo ;  ;
Cepillo ;Rechazo ;  ;
Cepillo de dientes ;Rechazo ;  ;
Cepillo para el pelo ;Rechazo ;  ;
Cera ;Rechazo ;  ;
Cerámica ;Rechazo ;  ;
Cereales ;Contenedor de Organico ;  ;
Cerilla ;Rechazo ;  ;
Cerradura ;Rechazo ;  ;
Chancletas ;Contenedor Textil ;  ;
Chapa de botella ;Plastico ;  ;
Chequera ;Papel y carton ;  ;
Chicle ;Rechazo ;  ;
Chubasqueo ;Contenedor Textil ;  ;
Chupete ;Rechazo ;  ;
Cigarrillos ;Rechazo ;  ;
Cinta de carrocero ;Rechazo ;  ;
Cinta de embalaje ;Rechazo ;  ;
Cinta de ví­deo ;Rechazo ;  ;
Cintas de ví­deo y casete ;Rechazo ;  ;
Cinturones ;Contenedor Textil ;  ;
Clasificador ;Papel y carton ;  ;
Clavo ;Rechazo-Garbigune ;En pequeñas cantidades al rechazo, en grandes al Garbigune. ;
Clip / Grapa ;Rechazo ;  ;
Cobre ;Garbigune ;  ;
Cojin ;Contenedor Textil ;  ;
Colcha ;Contenedor Textil ;  ;
Colchón ;Garbigune-Voluminoso ;Consulta en el apartado Voluminosos los días y horarios indicados para depositar estos residuos. ;
Colgador ;Rechazo ;  ;
Colilla ;Rechazo ;  ;
Collar ;Rechazo ;  ;
Colorete ;Rechazo ;  ;
Cometa ;Garbigune ;  ;
Comic ;Papel y carton ;  ;
Comida de animales domésticos ;Contenedor de Organico ;  ;
Compresas ;Rechazo ;  ;
Condón ;Rechazo ;  ;
Confetti ;Papel y carton-Rechazo ;De papel y limpio al azul, otros al de rechazo. ;
Copa (premio) ;Garbigune ;  ;
Corcho ;Plastico-Contenedor de Organico ;Sintético al amarillo, natural al orgánico. ;
Cordón ;Contenedor Textil ;  ;
Cortinas ;Contenedor Textil ;  ;
Cremallera ;Rechazo ;  ;
Cristales / espejos ;Garbigune ;  ;
Cromos ;Papel y carton-Rechazo ;De papel o cartón al azul, otros materiales al de rechazo. ;
Cuaderno ;Papel y carton ;  ;
Cubiertos ;Rechazo ;Al rechazo. ;
Cubo de plástico ;Garbigune ;  ;
Cuchara / Cucharilla ;Plastico-Rechazo ;De usar y tirar al amarillo, otros al de rechazo. ;
Cuchilla de afeitar ;Rechazo ;  ;
Cuentos ;Papel y carton ;De papel o cartón. ;
Cuerdas ;Contenedor Textil ;  ;
Cuna ;Garbigune-Voluminoso ;Consulta en el apartado Voluminosos los días y horarios indicados para depositar estos residuos. ;
Cupones ;Papel y carton ;  ;
Cutter ;Rechazo ;  ;
Dado ;Rechazo ;  ;
Dardo ;Rechazo ;  ;
Dedal ;Rechazo ;  ;
Delantal ;Contenedor Textil ;  ;
Dentadura postiza ;Rechazo ;  ;
Desodorante (recipiente) ;Plastico-Vidrio ;De cristal al iglíº verde, de metal o plástico al amarillo. ;
Despertador ;Garbigune-Camion San Marco ;  ;
Destornillador ;Rechazo ;  ;
Diadema ;Rechazo ;  ;
Diapositiva ;Garbigune ;  ;
Diccionario ;Papel y carton ;  ;
Diente ;Contenedor de Organico-Rechazo ;Sin empaste, al orgánico. ;
Disco de lactancia ;Rechazo ;En general todos los productos de lactancia son rechazo. ;
Disco de vinilo ;Garbigune ;  ;
Disco desmaquillante ;Rechazo ;  ;
Disco duro ;Garbigune-Camion San Marco ;  ;
Disolvente ;Garbigune-Camion San Marco ;  ;
Disolvente (recipiente) ;Garbigune-Camion San Marco ;  ;
Disquete informático ;Rechazo-Camion San Marco ;  ;
Disquetera ;Garbigune-Camion San Marco-Voluminoso ;Consulta en el apartado Voluminosos los días y horarios indicados para depositar estos residuos. ;
Dorsal ;Papel y carton ;  ;
Dosificador de botella ;Plastico ;Separado de la botella ;
Dossier ;Papel y carton ;  ;
DVD ;Garbigune-Camion San Marco ;  ;
Ecografí­a ;Garbigune-Camion San Marco ;  ;
Edredón ;Contenedor Textil ;  ;
Electrodoméstico ;Garbigune-Camion San Marco-Voluminoso ;Consulta en el apartado Voluminosos los días y horarios indicados para depositar estos residuos. ;
Embutido ;Contenedor de Organico ;  ;
Enchufe ;Garbigune-Camion San Marco ;  ;
Enciclopedia ;Papel y carton ;  ;
Engranaje (sin grasa) ;Rechazo-Garbigune ;En cantidades pequeñas al de rechazo, en grandes al Garbigune. ;
Ensaladera ;Rechazo ;  ;
Envases de productos de limpieza ;Plastico-Garbigune ;Vací­o al amarillo, lleno al Garbigune. ;
Envoltorio ;Rechazo-Garbigune-Contenedor Textil ;De papel o cartón, al azul; de plástico, al amarillo. 
Envoltorio de alimentación ;Plastico ;  ;
Escalera ;Garbigune-Voluminoso ;Consulta en el apartado Voluminosos los días y horarios indicados para depositar estos residuos. ;
Escayola ;Rechazo-Garbigune ;En cantidades pequeñas al de rechazo, en grandes al Garbigune. ;
Escoba ;Rechazo-Garbigune ;El palo, si es de madera, al Garbigune. ;
Escobilla de baño ;Rechazo ;  ;
Escombro ;Garbigune ;  ;
Escurridor ;Rechazo ;  ;
Esparadrapo ;Rechazo ;  ;
Esparto ;Rechazo ;  ;
Espátula ;Rechazo ;  ;
Espejo ;Garbigune ;  ;
Espinas ;Contenedor de Organico ;  ;
Esponja ;Rechazo ;  ;
Espray y aerosoloes ;Plastico-Garbigune ;Vací­o al amarillo, lleno al Garbigune o al camión de San Marko. ;
Espumadera ;Rechazo ;  ;
Estanterí­a ;Garbigune-Voluminoso ;Consulta en el apartado Voluminosos los días y horarios indicados para depositar estos residuos. ;
Esterilla ;Rechazo ;  ;
Estropajo ;Rechazo ;  ;
Estuches ;Rechazo-Garbigune-Contenedor Textil ;De tela, al contenedor textil, de metal al Garbigune; otros materiales al rechazo. 
Etiqueta de ropa ;Papel y carton-Rechazo ;De papel o cartón al azul, otros materiales al de rechazo. ;
Excremento animal ;Rechazo ;  ;
Factura ;Papel y carton ;  ;
Falda ;Contenedor Textil ;  ;
Fax (aparato) ;Garbigune-Camion San Marco-Voluminoso ;Consulta en el apartado Voluminosos los días y horarios indicados para depositar estos residuos. ;
Film transparente ;Plastico ;  ;
Filtro ;Rechazo ;  ;
Filtro de agua ;Rechazo ;  ;
Filtro de caféde papel ;Contenedor de Organico ;  ;
Fleje ;Garbigune ;  ;
Floreros ;Rechazo ;  ;
Flores ;Contenedor de Organico-Rechazo ;Las sintéticas/artificiales al rechazo. ;
Flotador ;Rechazo ;  ;
Fluorescente ;Garbigune-Camion San Marco ;En establecimientos de venta. ;
Folleto ;Papel y carton ;  ;
Forro ;PlasticoGarbiguneContenedor Textil ;Â En pequeñas cantidades al amarillo y en grandes cantidades al Garbigune.Â De tela al téxtil. ;
Fotografí­a ;Rechazo ;  ;
Frasco ;Plastico-Vidrio ;De plástico al amarillo, de vidrio al iglíº verde. ;
Fregadero ;Garbigune ;  ;
Fregona ;Rechazo-Garbigune ;El mango, si es de madera al Garbigune. ;
Frutos secos ;Contenedor de Organico ;  ;
Fusible ;Garbigune-Camion San Marco ;  ;
Gabardina ;Contenedor Textil ;  ;
Gafas ;En cualquier establecimiento de venta.;  ;
Gafas de buceo ;Rechazo ;  ;
Gancho de pelo ;Rechazo ;  ;
Gasa ;Rechazo ;  ;
Golosina ;Rechazo ;  ;
Goma ;Rechazo ;  ;
Goma de borrar ;Rechazo ;  ;
Goma de pelo ;Rechazo ;  ;
Gorro de ducha. ;Rechazo ;  ;
Gorro de piscina ;Rechazo-Contenedor Textil  ;plástico y otros materiales al rechazo; de tela al téxtil. 
Grapa ;Rechazo ;  ;
Grapadora ;Rechazo ;  ;
Grifo ;Garbigune ;  ;
Guante ;Rechazo-Contenedor Textil  ;Látex y otros materiales al rechazo.Â De tela, al téxtil. ;
Guí­a telefónica ;Papel y carton ;  ;
Hielera ;Rechazo ;  ;
Hierba ;Contenedor de Organico-Garbigune ;En pequeñas cantidades al orgánico, en grandes al Garbigune. ;
Hierro ;Garbigune ;  ;
Hilo ;Rechazo ;  ;
Hilo dental ;Rechazo ;  ;
Horno ;Garbigune-Voluminoso ;Consulta en el apartado Voluminosos los días y horarios indicados para depositar estos residuos. ;
Horno microondas ;Garbigune-Voluminoso ;Consulta en el apartado Voluminosos los días y horarios indicados para depositar estos residuos. ;
Hueso ;Contenedor de Organico ;  ;
Huesos de aceitunas ;Contenedor de Organico ;  ;
Huevera ;Papel y carton-Plastico ;De cartón al azul, de plástico al amarillo. ;
Imán ;Garbigune ;  ;
Imperdible ;Rechazo ;  ;
Incienso ;Rechazo ;  ;
Infusiones ;Contenedor de Organico ;  ;
Insecticida (spray) ;Plastico-Garbigune ;Vací­o al amarillo, lleno al Garbigune. ;
Insecticida (spray) ;Plastico-Garbigune-Camion San Marco ;Vací­o, al amarillo. Lleno, al Garbigune o al camión de San Marko. ;
Insectos muertos ;Contenedor de Organico-Rechazo ;Sin productos quí­micos, al orgánico; resto, al rechazo. 
Interruptor ;Garbigune ;  ;
Interruptor (carcasa) ;Plastico ;  ;
Jabón (pastilla) ;Rechazo ;  ;
Jabonera ;Rechazo ;  ;
Jarra ;Rechazo ;  ;
Jaula ;Garbigune ;  ;
Jeringuilla ;Rechazo ;  ;
Jersei ;Contenedor Textil ;  ;
Juego de mesa ;Rechazo ;  ;
Juguetes ;Garbigune ;  ;
Ladrillos ;Garbigune ;  ;
Lámpara ;Garbigune ;  ;
Lata ;Plastico ;  ;
Lata (conservas, bebidas…) ;Plastico ;  ;
Látex ;Rechazo ;  ;
Lavabo ;Garbigune ;  ;
Lavadora ;Garbigune-Voluminoso ;Consulta en el apartado Voluminosos los días y horarios indicados para depositar estos residuos. ;
Lego (juego) ;Garbigune ;  ;
Lentejuelas ;Rechazo ;  ;
Lentes ;Rechazo ;  ;
Lentilla ;Rechazo ;  ;
Libreta ;Papel y carton ;  ;
Lienzo ;Rechazo-Garbigune ;Pequeño en el de rechazo, grande llevar al Garbigune. ;
Lija ;Rechazo ;  ;
Lima de uñas ;Rechazo ;  ;
Litera ;Garbigune-Voluminoso ;Consulta en el apartado Voluminosos los días y horarios indicados para depositar estos residuos. ;
Llave ;Rechazo ;  ;
Llave inglesa ;Rechazo ;  ;
Llavero ;Rechazo ;  ;
Lodo ;Rechazo-Garbigune ;En cantidades pequeñas al de rechazo, en grandes al Garbigune. ;
Lona ;Contenedor Textil ;  ;
Losa ;Garbigune ;  ;
Madera ;Garbigune ;  ;
Maleta ;Rechazo ;  ;
Mamparas de ducha ;Garbigune ;  ;
Manivela ;Garbigune ;  ;
Manta ;Contenedor Textil ;  ;
Mantel ;Rechazo-Contenedor Textil  ;De plástico, al rechazo; de tela, al téxtil. 
Mantel de papel ;Papel y carton-Contenedor de Organico-Rechazo ;Limpio, al azul; manchado de comida al orgánico, y de otros productos al rechazo. 
Mantequilla ;Contenedor de Organico ;En pequeñas cantidades, al orgánico; en grandes, con gestor autorizado. 
Maquillaje ;Rechazo ;  ;
Maquinilla de depilar ;Garbigune-Camion San Marco ;  ;
Marisco ;Contenedor de Organico ;En pequeñas cantidades, al orgánico; en grandes, con gestor autorizado. 
Mármol ;Garbigune ;  ;
Martillo ;Rechazo ;  ;
Mayonesa ;Contenedor de Organico ;En pequeñas cantidades, al orgánico; en grandes, con gestor autorizado. 
Mecha ;Rechazo ;  ;
Mechero ;Garbigune-Camion San Marco ;  ;
Medalla (galardón) ;Garbigune ;  ;
Mermelada ;Contenedor de Organico ;  ;
Mesa ;Garbigune-Voluminoso ;Consulta en el apartado Voluminosos los días y horarios indicados para depositar estos residuos. ;
Mesilla de noche ;Garbigune-Voluminoso ;Consulta en el apartado Voluminosos los días y horarios indicados para depositar estos residuos. ;
Metro ;Rechazo ;  ;
Micrófono ;Garbigune-Camion San Marco ;  ;
Minicadena ;Garbigune-Camion San Marco ;  ;
Mocasí­n ;Contenedor Textil ;  ;
Mochila ;Contenedor Textil ;  ;
Monedero ;Contenedor Textil ;De tela. ;
Monopatí­n ;Garbigune ;  ;
Moqueta ;Rechazo-Garbigune ;Pequeña, al rechazo; grande al Garbigune. 
Muebles ;Garbigune-Voluminoso ;Consulta en el apartado Voluminosos los días y horarios indicados para depositar estos residuos. ;
Muebles ;Garbigune-Voluminoso ;Consulta en el apartado Voluminosos los días y horarios indicados para depositar estos residuos. ;
Muelle ;Rechazo ;  ;
Muñeca ;Rechazo-Garbigune-Contenedor Textil ;De cualquier material, excepto de tela, al rechazo; de tela al téxtil. También al Garbigune. 
Muñequera ;Rechazo ;  ;
Navaja ;Garbigune ;  ;
Neceser ;PlasticoContenedor Textil ;De plástico, al amarillo; de tela, al téxtil. 
Neopreno ;Contenedor Textil ;  ;
Neumáticos ;Al taller o al desguace.;  ;
Nevera ;Garbigune-Voluminoso ;Consulta en el apartado Voluminosos los días y horarios indicados para depositar estos residuos. ;
Nevera de picnic ;Garbigune-Voluminoso ;Consulta en el apartado Voluminosos los días y horarios indicados para depositar estos residuos. ;
Nylon ;Rechazo ;  ;
Ordenador ;Garbigune-Camion San Marco-Voluminoso ;Consulta en el apartado Voluminosos los días y horarios indicados para depositar estos residuos. ;
Ordenadores y otros aparatos informáticos ;Garbigune-Camion San Marco-Voluminoso ;Consulta en el apartado Voluminosos los días y horarios indicados para depositar estos residuos. ;
Orinal ;Rechazo-Garbigune ;  ;
Pack de alimento ;Papel y carton-Plastico ;De papel al Contenedor de Azul, de plástico al amarillo. ;
Pack de botellas ;Papel y carton-Plastico ;De papel y cartón, al azul; de plástico, al amarillo. 
Pack de latas ;Papel y carton-Plastico ;De papel o cartón, al azul; de plástico, al amarillo. 
Paja ;Contenedor de Organico ;  ;
Pala ;Rechazo-Garbigune ;De metal o madera, al Garbigune; de plástico, al rechazo. 
Palanca ;Garbigune ;  ;
Palillo ;Contenedor de Organico ;  ;
Palo (de escoba, fregonaâŠ) ;Rechazo ;  ;
Palo de caramelo ;Rechazo ;  ;
Palo de helado ;Contenedor de Organico-Rechazo ;De madera al orgánico, de plástico al rechazo. ;
Pantalla ;Garbigune-Voluminoso ;Consulta en el apartado Voluminosos los días y horarios indicados para depositar estos residuos. ;
Pantallas, teclados ;Garbigune-Camion San Marco-Voluminoso ;Consulta en el apartado Voluminosos los días y horarios indicados para depositar estos residuos. ;
Pantalón ;Contenedor Textil ;  ;
Papel ;Papel y carton ;  ;
Papel de aluminio ;Plastico ;  ;
Papel de carnicerí­a / charcuterí­a / pescaderí­a ;Papel y carton-Rechazo ;Limpio al azul, sucio o plastificado al rechazo. ;
Papel de charcuterí­a ;Papel y carton-Rechazo ;Limpio al azul, sucio o plastificado al rechazo. ;
Papel de cocina ;Papel y carton-Contenedor de Organico ;Limpio,al azul; manchado de materia orgánica, al orgánico y de otros productos, al rechazo. 
Papel de oficina ;Papel y carton ;  ;
Papel de regalo ;Papel y carton-Rechazo ;De papel, al azul; de plástico, al rechazo. 
Papel plastificado ;Rechazo ;  ;
Pastilla ;Farmacias ;  ;
Patí­n ;Garbigune ;  ;
Patinete ;Garbigune ;  ;
Pañales ;Rechazo ;  ;
Pañuelos de papel (usado) ;Contenedor de Organico ;  ;
PDA ;Garbigune-Camion San Marco ;  ;
Pedal ;Rechazo ;  ;
Pegatina ;Rechazo ;  ;
Peine ;Rechazo ;  ;
Peladuras de fruta y verdura ;Contenedor de Organico ;  ;
Pelí­cula de fotos ;Rechazo ;  ;
Pelo ;Contenedor de Organico ;Al orgánico sin productos quí­micos; de lo contrario, al rechazo. 
Pelota ;Rechazo ;  ;
Peluca ;Rechazo ;  ;
Pendientes ;Rechazo ;  ;
Percha ;Rechazo-Garbigune ;En pequeñas cantidades depositar en el de rechazo, en grandes cantidades llevar al Garbigune. ;
Perchero ;Garbigune ;  ;
Periódico ;Papel y carton ;  ;
Persiana ;Garbigune ;  ;
Pescado, espina de pescado ;Contenedor de Organico ;  ;
Peto ;Contenedor Textil ;  ;
Piel de limón ;Contenedor de Organico ;  ;
Piel de naranja ;Contenedor de Organico ;  ;
Pijama ;Contenedor Textil ;  ;
Pilas ;Garbigune-Camion San Marco-Pilas ;  ;
Pilas (pack) ;Papel y carton-Plastico ;De papel o cartón, al azul; de plástico, al amarillo. 
Pí­ldoras ;Farmacias ;  ;
Pinceles ;Rechazo-Garbigune ;En pequeñas cantidades depositar en el de rechazo, en grandes cantidades llevar al Garbigune. ;
Pintalabios (recipiente) ;Plastico ;  ;
Pintura ;Garbigune-Camion San Marco ;  ;
Pinza de depilar ;Rechazo ;  ;
Pinza de tender ;Rechazo ;  ;
Pisapapeles ;Rechazo ;  ;
Pita ;Rechazo ;  ;
Pitillera ;Rechazo ;  ;
Pizarra ;Garbigune ;  ;
Plancha ;Garbigune-Camion San Marco ;  ;
Plancha para el pelo ;Garbigune-Camion San Marco ;  ;
Plantas ;Contenedor de Organico-Rechazo ;Si es natural, al orgánico; sintética, al rechazo. 
plástico de embalaje ;Plastico-Garbigune ;En pequeñas cantidades al amarillo, en grandes al Garbigune. ;
plástico protector de burbujas ;Plastico-Garbigune ;En pequeñas cantidades al amarillo, en grandes al Garbigune. ;
Platos ;Plastico-Garbigune ;De usar y tirar, al amarillo. Resto, al Garbigune. ;
Plomo ;Garbigune ;  ;
Pluma ;Contenedor de Organico ;En pequeñas cantidades al orgánico; en grandes, con gestor autorizado. 
Pluma estilográfica ;Rechazo ;  ;
Plumí­fero ;Contenedor Textil ;  ;
Poda ;Contenedor de Organico-Garbigune ;En pequeñas cantidades, al orgánico; en grandes, al Garbigune. 
Poliéster ;Garbigune ;  ;
Polvo ;Rechazo ;  ;
Porexpan ;Plastico-Garbigune ;De alimentación al amarillo, otros, al Garbigune ;
Posavasos ;Papel y carton-Rechazo ;Papel o Cartón al azul, de cualquier otro material al rechazo. ;
Poso de café;Contenedor de Organico ;  ;
Post-it ;Papel y carton ;  ;
Postal ;Papel y carton ;  ;
Póster ;Papel y carton ;  ;
Preservativo ;Rechazo ;  ;
Prismáticos ;Garbigune ;  ;
Puchero ;Rechazo ;  ;
Punta de lápiz ;Rechazo ;  ;
Punzón ;Rechazo ;  ;
Puzzle ;Papel y carton ;  ;
PVC ;Plastico-Garbigune ;Envases y/o embalajes al amarillo; ventanas, al Garbigune. 
Queso ;Contenedor de Organico ;  ;
Radiador ;Garbigune-Voluminoso ;Consulta en el apartado Voluminosos los días y horarios indicados para depositar estos residuos. ;
Radio ;Garbigune-Camion San Marco-Voluminoso ;Consulta en el apartado Voluminosos los días y horarios indicados para depositar estos residuos. ;
Radiografí­a ;Garbigune-Camion San Marco-Farmacias ;Y en ambulatorios. ;
Radiografí­a ;Garbigune-Camion San Marco-Farmacias ;Y en los ambulatorios. ;
Rallador ;Garbigune ;  ;
Raqueta ;Rechazo ;  ;
Ratón de ordenador ;Garbigune-Camion San Marco ;  ;
Recambio anti-mosquitos ;Plastico-Camion San Marco ;Si tiene punto verde, al amarillo; de lo contrario, al camión de San Marko. 
Recambio de ambientador ;Plastico ;  ;
Recibo ;Papel y carton ;  ;
Recipiente de alimento ;Plastico-Vidrio ;De plástico al amarillo, de vidrio al iglíº verde ;
Red de cebollas /limones / naranjas / patatas ;Plastico ;  ;
Regadera ;Garbigune ;  ;
Regla ;Rechazo ;  ;
Reloj de muñeca ;Garbigune ;  ;
Reloj de pared ;Garbigune ;  ;
Reproductor de CD, DVD... ;Garbigune-Camion San Marco-Voluminoso ;Consulta en el apartado Voluminosos los días y horarios indicados para depositar estos residuos. ;
Restos de comida ;Contenedor de Organico ;  ;
Restos de jardinerí­a ;Contenedor de Organico-Garbigune ;En pequeñas cantidades al orgánico, en grandes llevar al Garbigune. ;
Revista ;Papel y carton ;  ;
Revistero ;Garbigune ;  ;
Rodamiento ;Rechazo-Garbigune ;En pequeñas cantidades, al rechazo, en grandes llevar al Garbigune. ;
Rodillera ;Contenedor Textil ;  ;
Rollo de papel higiénico (cilindro de cartón) ;Papel y carton ;  ;
Ropa interior ;Contenedor Textil ;  ;
Ropa y complementos ;Contenedor Textil ;  ;
Rotulador ;Rechazo ;  ;
Rueda ;Llevar al taller o a un desgíŒace.;  ;
Rulo ;Rechazo ;  ;
Sábana ;Contenedor Textil ;  ;
Sacacorcho ;Rechazo ;  ;
Sacapuntas ;Rechazo ;  ;
Saco ;Papel y carton-Plastico-Contenedor Textil ;Depositar en el contenedor correspondiente segíºn el material. ;
Saco de dormir ;Contenedor Textil ;  ;
Salero ;Rechazo ;  ;
Salsera ;Rechazo ;  ;
Salva slip ;Rechazo ;  ;
Salvamanteles ;Rechazo-Garbigune ;Los de silicona depositar en el de rechazo, los de metal y/o madera llevar al Garbigune ;
Sandalias ;Contenedor Textil ;  ;
Sartén ;Rechazo ;  ;
Secador de pelo ;Garbigune-Camion San Marco ;  ;
Serrí­n (de madera sin tratar) ;Contenedor de Organico ;  ;
Serrí­n (de madera tratada) ;Rechazo ;  ;
Servilleta de papel ;Papel y cartonContenedor de Organico-Rechazo ;Lí­mpia al Contenedor de Papel, manchada de comida al orgánico, manchada de cualquier otra sustancia al rechazo. ;
Servilleta de tela ;Contenedor Textil ;  ;
Sierra ;Garbigune ;  ;
Silbato ;Rechazo ;  ;
Silicona ;Garbigune ;  ;
Sobre ;Papel y carton-Plastico ;Normal al azul, con protección para objetos frágiles al amarillo. ;
Sofá ;Garbigune-Voluminoso ;Consulta en el apartado Voluminosos los días y horarios indicados para depositar estos residuos. ;
Sombero ;Contenedor Textil ;  ;
Sombrilla ;Garbigune ;  ;
Sopera ;Rechazo ;  ;
Sortija ;Rechazo ;  ;
Spray (recipiente) ;Plastico ;  ;
Tabaco ;Rechazo ;  ;
Taladro ;Garbigune ;  ;
Taladro ;Garbigune ;  ;
Talonario ;Papel y carton ;  ;
Tampón ;Rechazo ;El aplicador también. ;
Tapa de recipiente de alimento ;Plastico ;  ;
Tapas de botes ;Plastico ;  ;
Tapón de botella ;Plastico ;  ;
Tarjetas de crédito ;Rechazo ;  ;
Tarro ;Plastico ;  ;
Taza ;Rechazo ;  ;
Té;Contenedor de Organico ;  ;
Teja ;Garbigune ;  ;
Tela ;Contenedor Textil ;  ;
Teléfono ;Garbigune-Camion San Marco ;  ;
Teléfono móvil ;Garbigune-Camion San Marco ;  ;
Televisión ;Garbigune-Voluminoso ;Consulta en el apartado Voluminosos los días y horarios indicados para depositar estos residuos. ;
Tenaza ;Rechazo ;  ;
Tenderete ;Garbigune ;  ;
Tenedor ;Plastico-Rechazo ;De usar y tirar al amarillo, cualquier otro al rechazo. ;
Termómetro ;Camion San Marco-Farmacias ;  ;
Tetina ;Rechazo ;En general, todos los productos de lactancia son rechazo ;
Tetrabrik ;Plastico ;  ;
Ticket ;Papel y carton ;  ;
Tienda de campaña ;Garbigune ;  ;
Tijeras ;Rechazo ;  ;
Tinta ;Garbigune ;  ;
Tipp-ex ;Rechazo ;  ;
Tirita ;Rechazo ;  ;
Tiza ;Rechazo ;  ;
Toalla ;Contenedor Textil ;  ;
Toallita limpiadora ;Rechazo ;  ;
Toallitas (las que se usan para la higiene de los niños) ;Rechazo ;  ;
Toldo ;Contenedor Textil ;  ;
Tornillos ;Rechazo ;  ;
Tostadora ;Garbigune ;  ;
Trapos ;Rechazo-Garbigune-Contenedor Textil ;Si está sucio o roto depositar en rechazo, si está impregnado de disolvente llevar al Garbigune ;
Triciclos ;Garbigune ;  ;
Trineo ;Garbigune ;  ;
Tuberí­as ;Garbigune ;  ;
Tubo de goma ;Garbigune ;  ;
Tubo de pasta de dientes / productos cosméticos ;Plastico ;  ;
Tubos de productos de limpieza ;Plastico ;  ;
Tubular ;Garbigune ;  ;
Tumbona ;Garbigune-Voluminoso ;Consulta en el apartado Voluminosos los días y horarios indicados para depositar estos residuos. ;
Tupper-ware ;Rechazo-Garbigune ;En pequeñas cantidades al rechazo. En grandes llevar al Garbigune. ;
Txapela ;Contenedor Textil ;  ;
Uralita ;Con gestor autorizado;  ;
Uñas ;Contenedor de Organico-Rechazo ;Si no está pintada al orgánico. ;
Vajilla ;Garbigune ;  ;
Varilla ;Rechazo ;  ;
Vaso ;Plastico-Rechazo ;De usar y tirar al amarillo, el resto al rechazo. ;
Vasos de cristal ;Rechazo ;  ;
Vela ;Rechazo ;  ;
Venda ;Rechazo ;  ;
Verduras ;Contenedor de Organico ;  ;
Ví­deo (reproductor) ;Garbigune-Camion San Marco ;  ;
Vinagrera ;Rechazo ;  ;
Virutas (de madera sin tratar) ;Contenedor de Organico ;  ;
Virutas (de madera tratada) ;Rechazo ;  ;
Visera ;Contenedor Textil ;  ;
Vitrocerámica ;Garbigune-Voluminoso ;Consulta en el apartado Voluminosos los días y horarios indicados para depositar estos residuos. ;
Yeso ;Garbigune ;  ;
Yogures y lácteos ;Contenedor de Organico ;Depositar sin el envase. ;
Zapatero ;Garbigune-Voluminoso ;Consulta en el apartado Voluminosos los días y horarios indicados para depositar estos residuos. ;
Zapatillas ;Contenedor Textil ;  ;
Zapatillas de casa ;Contenedor Textil ;  ;
Zapatillas de deporte ;Contenedor Textil ;  ;
Zapatos ;Contenedor Textil ;  ;
Zueco ;Contenedor Textil ;  ;
